<?xml version="1.0" encoding="UTF-8"?>
<project>
    <properties>
        <name>0</name>
        <samplerate>32000</samplerate>
        <channels>4</channels>
    </properties>
    <history>
        <pattern>yyyy-MM-dd_hhmm_'channel'</pattern>
    </history>
    <analyzer>
        <rule>
            <name>low</name>
            <channel>0</channel>
            <minimum>2200</minimum>
            <maximum>2500</maximum>
            <magnitude>0.002</magnitude>
        </rule>
        <rule>
            <name>middle</name>
            <channel>1</channel>
            <minimum>1000</minimum>
            <maximum>5000</maximum>
            <magnitude>0.7</magnitude>
        </rule>
        <rule>
            <name>high</name>
            <channel>2</channel>
            <minimum>4200</minimum>
            <maximum>4800</maximum>
            <magnitude>0.023</magnitude>
        </rule>
    </analyzer>
</project>